builder_url,local_path
https://api.builder.io/api/v1/image/assets/TEMP/285110aefb4f445cbb48fc9b1bfb88c1fdd9cb03?placeholderIfAbsent=true&apiKey=f6148ea454d64f10ade2c463c6ecf772,assets/builder/285110aefb4f445cbb48fc9b1bfb88c1fdd9cb03.png
https://api.builder.io/api/v1/image/assets/TEMP/51eb60a46e91ec6e9774e2a844d83d196e17d6cb?placeholderIfAbsent=true,assets/builder/51eb60a46e91ec6e9774e2a844d83d196e17d6cb.png
https://api.builder.io/api/v1/image/assets/TEMP/3144a92e839f0e3235708454100be361ef3c7a77?placeholderIfAbsent=true,assets/builder/3144a92e839f0e3235708454100be361ef3c7a77.svg
https://api.builder.io/api/v1/image/assets/TEMP/0a964f41bdd9d370d5c5d79b6ab4521fd436c6bf?placeholderIfAbsent=true,assets/builder/0a964f41bdd9d370d5c5d79b6ab4521fd436c6bf.svg
https://api.builder.io/api/v1/image/assets/TEMP/0c17a4cd8e1022aff1254f922a535ded1903acf7?placeholderIfAbsent=true,assets/builder/0c17a4cd8e1022aff1254f922a535ded1903acf7.svg
https://api.builder.io/api/v1/image/assets/TEMP/7adf84f01087a396f8aced428585d9a2d6b12c0f?placeholderIfAbsent=true,assets/builder/7adf84f01087a396f8aced428585d9a2d6b12c0f.png
https://api.builder.io/api/v1/image/assets/TEMP/c5c581f208730e45e66a85169986b44fd18c4d44?placeholderIfAbsent=true,assets/builder/c5c581f208730e45e66a85169986b44fd18c4d44.svg
https://api.builder.io/api/v1/image/assets/TEMP/9195b1463e7e476ad240022bd838c4f610f706ee?placeholderIfAbsent=true,assets/builder/9195b1463e7e476ad240022bd838c4f610f706ee.svg
https://api.builder.io/api/v1/image/assets/TEMP/1ad0653a3ca3631abac5acc90cd9923a0f1b94df?placeholderIfAbsent=true,assets/builder/1ad0653a3ca3631abac5acc90cd9923a0f1b94df.png
https://api.builder.io/api/v1/image/assets/TEMP/fea85ae9c6bee7345e853f25b8c20002383aa6a7?placeholderIfAbsent=true,assets/builder/fea85ae9c6bee7345e853f25b8c20002383aa6a7.svg
https://api.builder.io/api/v1/image/assets/TEMP/ef78fab2c31b38fa0191bc495e71ecdc34fa0a48?placeholderIfAbsent=true,assets/builder/ef78fab2c31b38fa0191bc495e71ecdc34fa0a48.svg
https://api.builder.io/api/v1/image/assets/TEMP/03c15dcabbd67250bad1e5859e31e9be4c092832?placeholderIfAbsent=true,assets/builder/03c15dcabbd67250bad1e5859e31e9be4c092832.svg
https://api.builder.io/api/v1/image/assets/TEMP/3c890f8c74e8d51776aeddb8fd0cae4403e75eac?placeholderIfAbsent=true,assets/builder/3c890f8c74e8d51776aeddb8fd0cae4403e75eac.png
https://api.builder.io/api/v1/image/assets/TEMP/e7c594b2f30c5b779954fe2fe83706df5bafae12?placeholderIfAbsent=true,assets/builder/e7c594b2f30c5b779954fe2fe83706df5bafae12.svg
https://api.builder.io/api/v1/image/assets/TEMP/ef78fab2c31b38fa0191bc495e71ecdc34fa0a48?placeholderIfAbsent=true,assets/builder/ef78fab2c31b38fa0191bc495e71ecdc34fa0a48.svg
https://api.builder.io/api/v1/image/assets/TEMP/03c15dcabbd67250bad1e5859e31e9be4c092832?placeholderIfAbsent=true,assets/builder/03c15dcabbd67250bad1e5859e31e9be4c092832.svg
https://api.builder.io/api/v1/image/assets/TEMP/0aad18b06e7c4a219ad4e02ce20a30a8000ce2e3?placeholderIfAbsent=true,assets/builder/0aad18b06e7c4a219ad4e02ce20a30a8000ce2e3.png
https://api.builder.io/api/v1/image/assets/TEMP/4066b08667c24bef50ca10f50f0a14ccae4f565a?placeholderIfAbsent=true,assets/builder/4066b08667c24bef50ca10f50f0a14ccae4f565a.svg
https://api.builder.io/api/v1/image/assets/TEMP/ef78fab2c31b38fa0191bc495e71ecdc34fa0a48?placeholderIfAbsent=true,assets/builder/ef78fab2c31b38fa0191bc495e71ecdc34fa0a48.svg
https://api.builder.io/api/v1/image/assets/TEMP/aaacd56661fa57cbe1ccdc9824b0a00de7acf035?placeholderIfAbsent=true,assets/builder/aaacd56661fa57cbe1ccdc9824b0a00de7acf035.svg
https://api.builder.io/api/v1/image/assets/TEMP/cb0d174af3094ff9e5c3dd24ea5bb55d6597e821?placeholderIfAbsent=true,assets/builder/cb0d174af3094ff9e5c3dd24ea5bb55d6597e821.svg
https://api.builder.io/api/v1/image/assets/TEMP/8eb318fb9944fbbc333ef9420735e40cdd3b7711?placeholderIfAbsent=true,assets/builder/8eb318fb9944fbbc333ef9420735e40cdd3b7711.svg
https://api.builder.io/api/v1/image/assets/TEMP/c470a8b425a078278994aa519fe21b5522df2f95?placeholderIfAbsent=true,assets/builder/c470a8b425a078278994aa519fe21b5522df2f95.svg
https://api.builder.io/api/v1/image/assets/TEMP/2053c347a7d40160f2078c7bf8184a56a4448619?placeholderIfAbsent=true,assets/builder/2053c347a7d40160f2078c7bf8184a56a4448619.svg
https://api.builder.io/api/v1/image/assets/TEMP/e8f6c8358b79b0207d87fb20180a01e5bfd84bd7?placeholderIfAbsent=true,assets/builder/e8f6c8358b79b0207d87fb20180a01e5bfd84bd7.svg
https://api.builder.io/api/v1/image/assets/TEMP/5ec735755bb021cf308d8669fddc95183dc8dba7?placeholderIfAbsent=true,assets/builder/5ec735755bb021cf308d8669fddc95183dc8dba7.svg
https://api.builder.io/api/v1/image/assets/TEMP/7669e33df210be746cb6e5ba7b7d5b88518d549c?placeholderIfAbsent=true,assets/builder/7669e33df210be746cb6e5ba7b7d5b88518d549c.svg
https://api.builder.io/api/v1/image/assets/TEMP/4e8e8e5d2679f4e37722ef0178a6a6677fa2e497?placeholderIfAbsent=true,assets/builder/4e8e8e5d2679f4e37722ef0178a6a6677fa2e497.svg
https://api.builder.io/api/v1/image/assets/TEMP/e25f0b9048692690ea2a4427c4f2dd4d24fc633c?placeholderIfAbsent=true,assets/builder/e25f0b9048692690ea2a4427c4f2dd4d24fc633c.svg
https://api.builder.io/api/v1/image/assets/TEMP/e25f0b9048692690ea2a4427c4f2dd4d24fc633c?placeholderIfAbsent=true,assets/builder/e25f0b9048692690ea2a4427c4f2dd4d24fc633c.svg
https://api.builder.io/api/v1/image/assets/TEMP/158d997ab1ed4df54146e945c591679ed99333da?placeholderIfAbsent=true&apiKey=f6148ea454d64f10ade2c463c6ecf772,assets/builder/158d997ab1ed4df54146e945c591679ed99333da.png
https://api.builder.io/api/v1/image/assets/TEMP/4dde8fc344a36b17d3d38c8bcc31a715d2b4b415?placeholderIfAbsent=true&apiKey=f6148ea454d64f10ade2c463c6ecf772,assets/builder/4dde8fc344a36b17d3d38c8bcc31a715d2b4b415.svg
https://api.builder.io/api/v1/image/assets/TEMP/5534b51a3a310370180e02d7563727d54f33e228?placeholderIfAbsent=true&apiKey=f6148ea454d64f10ade2c463c6ecf772,assets/builder/5534b51a3a310370180e02d7563727d54f33e228.svg
https://api.builder.io/api/v1/image/assets/TEMP/5c523641ca20bc2705eccdaedef82250bbca6545?placeholderIfAbsent=true&apiKey=f6148ea454d64f10ade2c463c6ecf772,assets/builder/5c523641ca20bc2705eccdaedef82250bbca6545.svg
https://api.builder.io/api/v1/image/assets/TEMP/d8c89717fe243619de3cf77528608a0954c0bcf3?placeholderIfAbsent=true&apiKey=f6148ea454d64f10ade2c463c6ecf772,assets/builder/d8c89717fe243619de3cf77528608a0954c0bcf3.svg
https://api.builder.io/api/v1/image/assets/TEMP/0e695b9c2e61724fb2f2475e15d57770dfb65919?placeholderIfAbsent=true&apiKey=f6148ea454d64f10ade2c463c6ecf772,assets/builder/0e695b9c2e61724fb2f2475e15d57770dfb65919.svg
https://api.builder.io/api/v1/image/assets/TEMP/285110aefb4f445cbb48fc9b1bfb88c1fdd9cb03?placeholderIfAbsent=true&apiKey=f6148ea454d64f10ade2c463c6ecf772,assets/builder/285110aefb4f445cbb48fc9b1bfb88c1fdd9cb03.png
https://api.builder.io/api/v1/image/assets/TEMP/51eb60a46e91ec6e9774e2a844d83d196e17d6cb?placeholderIfAbsent=true,assets/builder/51eb60a46e91ec6e9774e2a844d83d196e17d6cb.png
https://api.builder.io/api/v1/image/assets/TEMP/b73ba5f1242fb98f0b7841900f0de2ab4a0b2d19?placeholderIfAbsent=true,assets/builder/b73ba5f1242fb98f0b7841900f0de2ab4a0b2d19.svg
https://api.builder.io/api/v1/image/assets/TEMP/95dcece6917112dde336cddba4770bcdf2b27992?placeholderIfAbsent=true,assets/builder/95dcece6917112dde336cddba4770bcdf2b27992.svg
https://api.builder.io/api/v1/image/assets/TEMP/703107a6bee9570c4586e50c976cac828be42fe3?placeholderIfAbsent=true,assets/builder/703107a6bee9570c4586e50c976cac828be42fe3.svg
https://api.builder.io/api/v1/image/assets/TEMP/5c449115ae707980db9416249ae9a15dca8eec10?placeholderIfAbsent=true,assets/builder/5c449115ae707980db9416249ae9a15dca8eec10.svg
https://api.builder.io/api/v1/image/assets/TEMP/950a40673d698e3c5bcd13029465df06bed51fdc?placeholderIfAbsent=true,assets/builder/950a40673d698e3c5bcd13029465df06bed51fdc.svg
https://api.builder.io/api/v1/image/assets/TEMP/84bcda786598be3d4f19a0d2f63b9a0f03b002b2?placeholderIfAbsent=true,assets/builder/84bcda786598be3d4f19a0d2f63b9a0f03b002b2.svg
https://api.builder.io/api/v1/image/assets/TEMP/f52ba327fdf3b40769851f308964b93dbcaa5798?placeholderIfAbsent=true,assets/builder/f52ba327fdf3b40769851f308964b93dbcaa5798.svg
https://api.builder.io/api/v1/image/assets/TEMP/f52ba327fdf3b40769851f308964b93dbcaa5798?placeholderIfAbsent=true,assets/builder/f52ba327fdf3b40769851f308964b93dbcaa5798.svg
https://api.builder.io/api/v1/image/assets/TEMP/f52ba327fdf3b40769851f308964b93dbcaa5798?placeholderIfAbsent=true,assets/builder/f52ba327fdf3b40769851f308964b93dbcaa5798.svg
https://api.builder.io/api/v1/image/assets/TEMP/f52ba327fdf3b40769851f308964b93dbcaa5798?placeholderIfAbsent=true,assets/builder/f52ba327fdf3b40769851f308964b93dbcaa5798.svg
https://api.builder.io/api/v1/image/assets/TEMP/f52ba327fdf3b40769851f308964b93dbcaa5798?placeholderIfAbsent=true,assets/builder/f52ba327fdf3b40769851f308964b93dbcaa5798.svg
https://api.builder.io/api/v1/image/assets/TEMP/bee9c08868349cd0fdfd296a55dedbcf5c081945?placeholderIfAbsent=true,assets/builder/bee9c08868349cd0fdfd296a55dedbcf5c081945.svg
https://api.builder.io/api/v1/image/assets/TEMP/bee9c08868349cd0fdfd296a55dedbcf5c081945?placeholderIfAbsent=true,assets/builder/bee9c08868349cd0fdfd296a55dedbcf5c081945.svg
https://api.builder.io/api/v1/image/assets/TEMP/bee9c08868349cd0fdfd296a55dedbcf5c081945?placeholderIfAbsent=true,assets/builder/bee9c08868349cd0fdfd296a55dedbcf5c081945.svg
https://api.builder.io/api/v1/image/assets/TEMP/bee9c08868349cd0fdfd296a55dedbcf5c081945?placeholderIfAbsent=true,assets/builder/bee9c08868349cd0fdfd296a55dedbcf5c081945.svg
https://api.builder.io/api/v1/image/assets/TEMP/bee9c08868349cd0fdfd296a55dedbcf5c081945?placeholderIfAbsent=true,assets/builder/bee9c08868349cd0fdfd296a55dedbcf5c081945.svg
https://api.builder.io/api/v1/image/assets/TEMP/bee9c08868349cd0fdfd296a55dedbcf5c081945?placeholderIfAbsent=true,assets/builder/bee9c08868349cd0fdfd296a55dedbcf5c081945.svg
https://api.builder.io/api/v1/image/assets/TEMP/f52ba327fdf3b40769851f308964b93dbcaa5798?placeholderIfAbsent=true,assets/builder/f52ba327fdf3b40769851f308964b93dbcaa5798.svg
https://api.builder.io/api/v1/image/assets/TEMP/f52ba327fdf3b40769851f308964b93dbcaa5798?placeholderIfAbsent=true,assets/builder/f52ba327fdf3b40769851f308964b93dbcaa5798.svg
https://api.builder.io/api/v1/image/assets/TEMP/f52ba327fdf3b40769851f308964b93dbcaa5798?placeholderIfAbsent=true,assets/builder/f52ba327fdf3b40769851f308964b93dbcaa5798.svg
https://api.builder.io/api/v1/image/assets/TEMP/f52ba327fdf3b40769851f308964b93dbcaa5798?placeholderIfAbsent=true,assets/builder/f52ba327fdf3b40769851f308964b93dbcaa5798.svg
https://api.builder.io/api/v1/image/assets/TEMP/f52ba327fdf3b40769851f308964b93dbcaa5798?placeholderIfAbsent=true,assets/builder/f52ba327fdf3b40769851f308964b93dbcaa5798.svg
https://api.builder.io/api/v1/image/assets/TEMP/f52ba327fdf3b40769851f308964b93dbcaa5798?placeholderIfAbsent=true,assets/builder/f52ba327fdf3b40769851f308964b93dbcaa5798.svg
https://api.builder.io/api/v1/image/assets/TEMP/989bad678054ec5bda24603c50e3d5b0684300cc?placeholderIfAbsent=true,assets/builder/989bad678054ec5bda24603c50e3d5b0684300cc.png
https://api.builder.io/api/v1/image/assets/TEMP/3258958711c8dfaebf759b34e0e44da665ae05cd?placeholderIfAbsent=true,assets/builder/3258958711c8dfaebf759b34e0e44da665ae05cd.svg
https://api.builder.io/api/v1/image/assets/TEMP/3258958711c8dfaebf759b34e0e44da665ae05cd?placeholderIfAbsent=true,assets/builder/3258958711c8dfaebf759b34e0e44da665ae05cd.svg
https://api.builder.io/api/v1/image/assets/TEMP/3258958711c8dfaebf759b34e0e44da665ae05cd?placeholderIfAbsent=true,assets/builder/3258958711c8dfaebf759b34e0e44da665ae05cd.svg
https://api.builder.io/api/v1/image/assets/TEMP/3258958711c8dfaebf759b34e0e44da665ae05cd?placeholderIfAbsent=true,assets/builder/3258958711c8dfaebf759b34e0e44da665ae05cd.svg
https://api.builder.io/api/v1/image/assets/TEMP/3258958711c8dfaebf759b34e0e44da665ae05cd?placeholderIfAbsent=true,assets/builder/3258958711c8dfaebf759b34e0e44da665ae05cd.svg
https://api.builder.io/api/v1/image/assets/TEMP/c911ce09fb0bdc57817ef01939a5d545e8f8ecd0?placeholderIfAbsent=true,assets/builder/c911ce09fb0bdc57817ef01939a5d545e8f8ecd0.png
https://api.builder.io/api/v1/image/assets/TEMP/3258958711c8dfaebf759b34e0e44da665ae05cd?placeholderIfAbsent=true,assets/builder/3258958711c8dfaebf759b34e0e44da665ae05cd.svg
https://api.builder.io/api/v1/image/assets/TEMP/3258958711c8dfaebf759b34e0e44da665ae05cd?placeholderIfAbsent=true,assets/builder/3258958711c8dfaebf759b34e0e44da665ae05cd.svg
https://api.builder.io/api/v1/image/assets/TEMP/3258958711c8dfaebf759b34e0e44da665ae05cd?placeholderIfAbsent=true,assets/builder/3258958711c8dfaebf759b34e0e44da665ae05cd.svg
https://api.builder.io/api/v1/image/assets/TEMP/3258958711c8dfaebf759b34e0e44da665ae05cd?placeholderIfAbsent=true,assets/builder/3258958711c8dfaebf759b34e0e44da665ae05cd.svg
https://api.builder.io/api/v1/image/assets/TEMP/3258958711c8dfaebf759b34e0e44da665ae05cd?placeholderIfAbsent=true,assets/builder/3258958711c8dfaebf759b34e0e44da665ae05cd.svg
https://api.builder.io/api/v1/image/assets/TEMP/c9123b2a283a900d14945e8a1a404256f6554e95?placeholderIfAbsent=true,assets/builder/c9123b2a283a900d14945e8a1a404256f6554e95.png
https://api.builder.io/api/v1/image/assets/TEMP/3258958711c8dfaebf759b34e0e44da665ae05cd?placeholderIfAbsent=true,assets/builder/3258958711c8dfaebf759b34e0e44da665ae05cd.svg
https://api.builder.io/api/v1/image/assets/TEMP/3258958711c8dfaebf759b34e0e44da665ae05cd?placeholderIfAbsent=true,assets/builder/3258958711c8dfaebf759b34e0e44da665ae05cd.svg
https://api.builder.io/api/v1/image/assets/TEMP/3258958711c8dfaebf759b34e0e44da665ae05cd?placeholderIfAbsent=true,assets/builder/3258958711c8dfaebf759b34e0e44da665ae05cd.svg
https://api.builder.io/api/v1/image/assets/TEMP/3258958711c8dfaebf759b34e0e44da665ae05cd?placeholderIfAbsent=true,assets/builder/3258958711c8dfaebf759b34e0e44da665ae05cd.svg
https://api.builder.io/api/v1/image/assets/TEMP/3258958711c8dfaebf759b34e0e44da665ae05cd?placeholderIfAbsent=true,assets/builder/3258958711c8dfaebf759b34e0e44da665ae05cd.svg
https://api.builder.io/api/v1/image/assets/TEMP/875c9cead410ffa7067ab9e33336d559cb66e5b5?placeholderIfAbsent=true,assets/builder/875c9cead410ffa7067ab9e33336d559cb66e5b5.svg
https://api.builder.io/api/v1/image/assets/TEMP/df3e6ce9621a0bad81b3238cc155a58a70cfdc39?placeholderIfAbsent=true,assets/builder/df3e6ce9621a0bad81b3238cc155a58a70cfdc39.svg
https://api.builder.io/api/v1/image/assets/TEMP/bb0532cc67fbfae7c9eedb5f28c16fd44ff7753a?placeholderIfAbsent=true,assets/builder/bb0532cc67fbfae7c9eedb5f28c16fd44ff7753a.svg
https://api.builder.io/api/v1/image/assets/TEMP/5ec735755bb021cf308d8669fddc95183dc8dba7?placeholderIfAbsent=true,assets/builder/5ec735755bb021cf308d8669fddc95183dc8dba7.svg
https://api.builder.io/api/v1/image/assets/TEMP/158d997ab1ed4df54146e945c591679ed99333da?placeholderIfAbsent=true&apiKey=f6148ea454d64f10ade2c463c6ecf772,assets/builder/158d997ab1ed4df54146e945c591679ed99333da.png
https://api.builder.io/api/v1/image/assets/TEMP/4dde8fc344a36b17d3d38c8bcc31a715d2b4b415?placeholderIfAbsent=true&apiKey=f6148ea454d64f10ade2c463c6ecf772,assets/builder/4dde8fc344a36b17d3d38c8bcc31a715d2b4b415.svg
https://api.builder.io/api/v1/image/assets/TEMP/5534b51a3a310370180e02d7563727d54f33e228?placeholderIfAbsent=true&apiKey=f6148ea454d64f10ade2c463c6ecf772,assets/builder/5534b51a3a310370180e02d7563727d54f33e228.svg
https://api.builder.io/api/v1/image/assets/TEMP/5c523641ca20bc2705eccdaedef82250bbca6545?placeholderIfAbsent=true&apiKey=f6148ea454d64f10ade2c463c6ecf772,assets/builder/5c523641ca20bc2705eccdaedef82250bbca6545.svg
https://api.builder.io/api/v1/image/assets/TEMP/d8c89717fe243619de3cf77528608a0954c0bcf3?placeholderIfAbsent=true&apiKey=f6148ea454d64f10ade2c463c6ecf772,assets/builder/d8c89717fe243619de3cf77528608a0954c0bcf3.svg
https://api.builder.io/api/v1/image/assets/TEMP/0e695b9c2e61724fb2f2475e15d57770dfb65919?placeholderIfAbsent=true&apiKey=f6148ea454d64f10ade2c463c6ecf772,assets/builder/0e695b9c2e61724fb2f2475e15d57770dfb65919.svg
https://api.builder.io/api/v1/image/assets/TEMP/285110aefb4f445cbb48fc9b1bfb88c1fdd9cb03?placeholderIfAbsent=true&apiKey=f6148ea454d64f10ade2c463c6ecf772,assets/builder/285110aefb4f445cbb48fc9b1bfb88c1fdd9cb03.png
https://api.builder.io/api/v1/image/assets/TEMP/51eb60a46e91ec6e9774e2a844d83d196e17d6cb?placeholderIfAbsent=true,assets/builder/51eb60a46e91ec6e9774e2a844d83d196e17d6cb.png
https://api.builder.io/api/v1/image/assets/TEMP/8d65b77eb049301e10bdd4551c98f71810d86923?placeholderIfAbsent=true,assets/builder/8d65b77eb049301e10bdd4551c98f71810d86923.svg
https://api.builder.io/api/v1/image/assets/TEMP/0c17a4cd8e1022aff1254f922a535ded1903acf7?placeholderIfAbsent=true,assets/builder/0c17a4cd8e1022aff1254f922a535ded1903acf7.svg
https://api.builder.io/api/v1/image/assets/TEMP/694a40c1b3dd164af0ea7c3de1104d3840479586?placeholderIfAbsent=true,assets/builder/694a40c1b3dd164af0ea7c3de1104d3840479586.svg
https://api.builder.io/api/v1/image/assets/TEMP/2681ee8fb99ec55ee49c46566afa0c45c8d94c14?placeholderIfAbsent=true,assets/builder/2681ee8fb99ec55ee49c46566afa0c45c8d94c14.svg
https://api.builder.io/api/v1/image/assets/TEMP/6439d101892fde1f765678d468eac0db3a5b7f9d?placeholderIfAbsent=true,assets/builder/6439d101892fde1f765678d468eac0db3a5b7f9d.svg
https://api.builder.io/api/v1/image/assets/TEMP/f37ad8d3d7bf0bc77038b6cd4e4ad3d024d10106?placeholderIfAbsent=true,assets/builder/f37ad8d3d7bf0bc77038b6cd4e4ad3d024d10106.svg
https://api.builder.io/api/v1/image/assets/TEMP/f37ad8d3d7bf0bc77038b6cd4e4ad3d024d10106?placeholderIfAbsent=true,assets/builder/f37ad8d3d7bf0bc77038b6cd4e4ad3d024d10106.svg
https://api.builder.io/api/v1/image/assets/TEMP/f37ad8d3d7bf0bc77038b6cd4e4ad3d024d10106?placeholderIfAbsent=true,assets/builder/f37ad8d3d7bf0bc77038b6cd4e4ad3d024d10106.svg
https://api.builder.io/api/v1/image/assets/TEMP/d251e3a64fad7574b0e745b513c54b67f71dbe3c?placeholderIfAbsent=true,assets/builder/d251e3a64fad7574b0e745b513c54b67f71dbe3c.png
https://api.builder.io/api/v1/image/assets/TEMP/1fb65dd185c265983f2938088643cbc3df18ea24?placeholderIfAbsent=true,assets/builder/1fb65dd185c265983f2938088643cbc3df18ea24.png
https://api.builder.io/api/v1/image/assets/TEMP/64d3fe09f3fc22d618422a18ce898996595e0624?placeholderIfAbsent=true,assets/builder/64d3fe09f3fc22d618422a18ce898996595e0624.svg
https://api.builder.io/api/v1/image/assets/TEMP/227eefa0c847fc30c735f49fa87212faf1b3e78a?placeholderIfAbsent=true,assets/builder/227eefa0c847fc30c735f49fa87212faf1b3e78a.svg
https://api.builder.io/api/v1/image/assets/TEMP/227eefa0c847fc30c735f49fa87212faf1b3e78a?placeholderIfAbsent=true,assets/builder/227eefa0c847fc30c735f49fa87212faf1b3e78a.svg
https://api.builder.io/api/v1/image/assets/TEMP/227eefa0c847fc30c735f49fa87212faf1b3e78a?placeholderIfAbsent=true,assets/builder/227eefa0c847fc30c735f49fa87212faf1b3e78a.svg
https://api.builder.io/api/v1/image/assets/TEMP/7ae13a69e45cc3b9b32185212236540486b54a5f?placeholderIfAbsent=true,assets/builder/7ae13a69e45cc3b9b32185212236540486b54a5f.png
https://api.builder.io/api/v1/image/assets/TEMP/c3c2c78d9bc106db914bebed92dbcecc2c0b7ece?placeholderIfAbsent=true,assets/builder/c3c2c78d9bc106db914bebed92dbcecc2c0b7ece.svg
https://api.builder.io/api/v1/image/assets/TEMP/77fcc842dbfcdb52340f0407e6f441e83459e830?placeholderIfAbsent=true,assets/builder/77fcc842dbfcdb52340f0407e6f441e83459e830.svg
https://api.builder.io/api/v1/image/assets/TEMP/c85b2e958764812959dec85cd1195ca7e08e4e5c?placeholderIfAbsent=true,assets/builder/c85b2e958764812959dec85cd1195ca7e08e4e5c.svg
https://api.builder.io/api/v1/image/assets/TEMP/3cfedced69d119c1a63906c7a3bcdf1f23cf411f?placeholderIfAbsent=true,assets/builder/3cfedced69d119c1a63906c7a3bcdf1f23cf411f.svg
https://api.builder.io/api/v1/image/assets/TEMP/10e0bfd575cba55439da2bda3bbd152de78a975c?placeholderIfAbsent=true,assets/builder/10e0bfd575cba55439da2bda3bbd152de78a975c.png
https://api.builder.io/api/v1/image/assets/TEMP/d8157fb372de627ecd8d712afee3889241a32fc4?placeholderIfAbsent=true,assets/builder/d8157fb372de627ecd8d712afee3889241a32fc4.png
https://api.builder.io/api/v1/image/assets/TEMP/c17b4925c87cd8f2ce3875b028317bd6e8438f36?placeholderIfAbsent=true,assets/builder/c17b4925c87cd8f2ce3875b028317bd6e8438f36.png
https://api.builder.io/api/v1/image/assets/TEMP/0c17a4cd8e1022aff1254f922a535ded1903acf7?placeholderIfAbsent=true,assets/builder/0c17a4cd8e1022aff1254f922a535ded1903acf7.svg
https://api.builder.io/api/v1/image/assets/TEMP/215dea9e660bacc17839274dbf78cd1f8604b9db?placeholderIfAbsent=true,assets/builder/215dea9e660bacc17839274dbf78cd1f8604b9db.svg
https://api.builder.io/api/v1/image/assets/TEMP/f657dea8821d48fe9188c54068524b2f4e105bbb?placeholderIfAbsent=true,assets/builder/f657dea8821d48fe9188c54068524b2f4e105bbb.svg
https://api.builder.io/api/v1/image/assets/TEMP/3827ff8b531fabbf251226f4e2c3f87db6ca54c2?placeholderIfAbsent=true,assets/builder/3827ff8b531fabbf251226f4e2c3f87db6ca54c2.svg
https://api.builder.io/api/v1/image/assets/TEMP/215dea9e660bacc17839274dbf78cd1f8604b9db?placeholderIfAbsent=true,assets/builder/215dea9e660bacc17839274dbf78cd1f8604b9db.svg
https://api.builder.io/api/v1/image/assets/TEMP/f657dea8821d48fe9188c54068524b2f4e105bbb?placeholderIfAbsent=true,assets/builder/f657dea8821d48fe9188c54068524b2f4e105bbb.svg
https://api.builder.io/api/v1/image/assets/TEMP/fbb92e97ce3ee504f8c1d44dcdd356ce81c408e8?placeholderIfAbsent=true,assets/builder/fbb92e97ce3ee504f8c1d44dcdd356ce81c408e8.svg
https://api.builder.io/api/v1/image/assets/TEMP/8fb6680b046fdeb7e684b56708f1df50a0676b77?placeholderIfAbsent=true,assets/builder/8fb6680b046fdeb7e684b56708f1df50a0676b77.svg
https://api.builder.io/api/v1/image/assets/TEMP/8fb6680b046fdeb7e684b56708f1df50a0676b77?placeholderIfAbsent=true,assets/builder/8fb6680b046fdeb7e684b56708f1df50a0676b77.svg
https://api.builder.io/api/v1/image/assets/TEMP/8fb6680b046fdeb7e684b56708f1df50a0676b77?placeholderIfAbsent=true,assets/builder/8fb6680b046fdeb7e684b56708f1df50a0676b77.svg
https://api.builder.io/api/v1/image/assets/TEMP/8fb6680b046fdeb7e684b56708f1df50a0676b77?placeholderIfAbsent=true,assets/builder/8fb6680b046fdeb7e684b56708f1df50a0676b77.svg
https://api.builder.io/api/v1/image/assets/TEMP/dfe4d1715cc2f633a9d65867dd9bab968a363433?placeholderIfAbsent=true,assets/builder/dfe4d1715cc2f633a9d65867dd9bab968a363433.svg
https://api.builder.io/api/v1/image/assets/TEMP/8fb6680b046fdeb7e684b56708f1df50a0676b77?placeholderIfAbsent=true,assets/builder/8fb6680b046fdeb7e684b56708f1df50a0676b77.svg
https://api.builder.io/api/v1/image/assets/TEMP/8fb6680b046fdeb7e684b56708f1df50a0676b77?placeholderIfAbsent=true,assets/builder/8fb6680b046fdeb7e684b56708f1df50a0676b77.svg
https://api.builder.io/api/v1/image/assets/TEMP/8fb6680b046fdeb7e684b56708f1df50a0676b77?placeholderIfAbsent=true,assets/builder/8fb6680b046fdeb7e684b56708f1df50a0676b77.svg
https://api.builder.io/api/v1/image/assets/TEMP/8fb6680b046fdeb7e684b56708f1df50a0676b77?placeholderIfAbsent=true,assets/builder/8fb6680b046fdeb7e684b56708f1df50a0676b77.svg
https://api.builder.io/api/v1/image/assets/TEMP/52fea22ed859073974658352165c3998fc9381af?placeholderIfAbsent=true,assets/builder/52fea22ed859073974658352165c3998fc9381af.svg
https://api.builder.io/api/v1/image/assets/TEMP/62a089555e2651c5ba942385cd9c22d47cb3d030?placeholderIfAbsent=true,assets/builder/62a089555e2651c5ba942385cd9c22d47cb3d030.svg
https://api.builder.io/api/v1/image/assets/TEMP/62a089555e2651c5ba942385cd9c22d47cb3d030?placeholderIfAbsent=true,assets/builder/62a089555e2651c5ba942385cd9c22d47cb3d030.svg
https://api.builder.io/api/v1/image/assets/TEMP/62a089555e2651c5ba942385cd9c22d47cb3d030?placeholderIfAbsent=true,assets/builder/62a089555e2651c5ba942385cd9c22d47cb3d030.svg
https://api.builder.io/api/v1/image/assets/TEMP/62a089555e2651c5ba942385cd9c22d47cb3d030?placeholderIfAbsent=true,assets/builder/62a089555e2651c5ba942385cd9c22d47cb3d030.svg
https://api.builder.io/api/v1/image/assets/TEMP/d09f7a4c6b68a7490d368797f6c605e98e35b53c?placeholderIfAbsent=true,assets/builder/d09f7a4c6b68a7490d368797f6c605e98e35b53c.svg
https://api.builder.io/api/v1/image/assets/TEMP/7d6873c3f057f01aac6f189dd6ea7e0730597b02?placeholderIfAbsent=true,assets/builder/7d6873c3f057f01aac6f189dd6ea7e0730597b02.svg
https://api.builder.io/api/v1/image/assets/TEMP/08c2a7c512eb7696fea409bba7486893ae649b0c?placeholderIfAbsent=true,assets/builder/08c2a7c512eb7696fea409bba7486893ae649b0c.svg
https://api.builder.io/api/v1/image/assets/TEMP/fbb92e97ce3ee504f8c1d44dcdd356ce81c408e8?placeholderIfAbsent=true,assets/builder/fbb92e97ce3ee504f8c1d44dcdd356ce81c408e8.svg
https://api.builder.io/api/v1/image/assets/TEMP/e8e489ff7a57a09c29523327da24bd33e5029c3f?placeholderIfAbsent=true,assets/builder/e8e489ff7a57a09c29523327da24bd33e5029c3f.svg
https://api.builder.io/api/v1/image/assets/TEMP/52fea22ed859073974658352165c3998fc9381af?placeholderIfAbsent=true,assets/builder/52fea22ed859073974658352165c3998fc9381af.svg
https://api.builder.io/api/v1/image/assets/TEMP/0ab6068f62a17ab44a7f7ef922e7ab36edd92067?placeholderIfAbsent=true,assets/builder/0ab6068f62a17ab44a7f7ef922e7ab36edd92067.svg
https://api.builder.io/api/v1/image/assets/TEMP/5475717823d56d355cd793024c771a4a5584d696?placeholderIfAbsent=true,assets/builder/5475717823d56d355cd793024c771a4a5584d696.svg
https://api.builder.io/api/v1/image/assets/TEMP/73e38b2f0497dc8b28632340bf5a9d3d5be63157?placeholderIfAbsent=true,assets/builder/73e38b2f0497dc8b28632340bf5a9d3d5be63157.svg
https://api.builder.io/api/v1/image/assets/TEMP/73e38b2f0497dc8b28632340bf5a9d3d5be63157?placeholderIfAbsent=true,assets/builder/73e38b2f0497dc8b28632340bf5a9d3d5be63157.svg
https://api.builder.io/api/v1/image/assets/TEMP/5475717823d56d355cd793024c771a4a5584d696?placeholderIfAbsent=true,assets/builder/5475717823d56d355cd793024c771a4a5584d696.svg
https://api.builder.io/api/v1/image/assets/TEMP/73e38b2f0497dc8b28632340bf5a9d3d5be63157?placeholderIfAbsent=true,assets/builder/73e38b2f0497dc8b28632340bf5a9d3d5be63157.svg
https://api.builder.io/api/v1/image/assets/TEMP/5475717823d56d355cd793024c771a4a5584d696?placeholderIfAbsent=true,assets/builder/5475717823d56d355cd793024c771a4a5584d696.svg
https://api.builder.io/api/v1/image/assets/TEMP/73e38b2f0497dc8b28632340bf5a9d3d5be63157?placeholderIfAbsent=true,assets/builder/73e38b2f0497dc8b28632340bf5a9d3d5be63157.svg
https://api.builder.io/api/v1/image/assets/TEMP/5475717823d56d355cd793024c771a4a5584d696?placeholderIfAbsent=true,assets/builder/5475717823d56d355cd793024c771a4a5584d696.svg
https://api.builder.io/api/v1/image/assets/TEMP/5475717823d56d355cd793024c771a4a5584d696?placeholderIfAbsent=true,assets/builder/5475717823d56d355cd793024c771a4a5584d696.svg
https://api.builder.io/api/v1/image/assets/TEMP/73e38b2f0497dc8b28632340bf5a9d3d5be63157?placeholderIfAbsent=true,assets/builder/73e38b2f0497dc8b28632340bf5a9d3d5be63157.svg
https://api.builder.io/api/v1/image/assets/TEMP/73e38b2f0497dc8b28632340bf5a9d3d5be63157?placeholderIfAbsent=true,assets/builder/73e38b2f0497dc8b28632340bf5a9d3d5be63157.svg
https://api.builder.io/api/v1/image/assets/TEMP/5475717823d56d355cd793024c771a4a5584d696?placeholderIfAbsent=true,assets/builder/5475717823d56d355cd793024c771a4a5584d696.svg
https://api.builder.io/api/v1/image/assets/TEMP/73e38b2f0497dc8b28632340bf5a9d3d5be63157?placeholderIfAbsent=true,assets/builder/73e38b2f0497dc8b28632340bf5a9d3d5be63157.svg
https://api.builder.io/api/v1/image/assets/TEMP/158d997ab1ed4df54146e945c591679ed99333da?placeholderIfAbsent=true&apiKey=f6148ea454d64f10ade2c463c6ecf772,assets/builder/158d997ab1ed4df54146e945c591679ed99333da.png
https://api.builder.io/api/v1/image/assets/TEMP/4dde8fc344a36b17d3d38c8bcc31a715d2b4b415?placeholderIfAbsent=true&apiKey=f6148ea454d64f10ade2c463c6ecf772,assets/builder/4dde8fc344a36b17d3d38c8bcc31a715d2b4b415.svg
https://api.builder.io/api/v1/image/assets/TEMP/5534b51a3a310370180e02d7563727d54f33e228?placeholderIfAbsent=true&apiKey=f6148ea454d64f10ade2c463c6ecf772,assets/builder/5534b51a3a310370180e02d7563727d54f33e228.svg
https://api.builder.io/api/v1/image/assets/TEMP/5c523641ca20bc2705eccdaedef82250bbca6545?placeholderIfAbsent=true&apiKey=f6148ea454d64f10ade2c463c6ecf772,assets/builder/5c523641ca20bc2705eccdaedef82250bbca6545.svg
https://api.builder.io/api/v1/image/assets/TEMP/d8c89717fe243619de3cf77528608a0954c0bcf3?placeholderIfAbsent=true&apiKey=f6148ea454d64f10ade2c463c6ecf772,assets/builder/d8c89717fe243619de3cf77528608a0954c0bcf3.svg
https://api.builder.io/api/v1/image/assets/TEMP/0e695b9c2e61724fb2f2475e15d57770dfb65919?placeholderIfAbsent=true&apiKey=f6148ea454d64f10ade2c463c6ecf772,assets/builder/0e695b9c2e61724fb2f2475e15d57770dfb65919.svg
